{
  "project_info": {
    "project_number": "539997889673",
    "firebase_url": "https://symsin.firebaseio.com",
    "project_id": "symsin",
    "storage_bucket": "symsin.appspot.com"
  },
  "client": [
    {
      "client_info": {
        "mobilesdk_app_id": "1:539997889673:android:ef51e886d9d7989547d258",
        "android_client_info": {
          "package_name": "com.bhavesh.symsin"
        }
      },
      "oauth_client": [
        {
          "client_id": "539997889673-3j2e79n1q2dn7ur7fddcb7op8fb46l9t.apps.googleusercontent.com",
          "client_type": 3
        }
      ],
      "api_key": [
        {
          "current_key": "AIzaSyCLWFb0hrCD9ng9cqi5XFtv71XqOtBKqiw"
        }
      ],
      "services": {
        "appinvite_service": {
          "other_platform_oauth_client": [
            {
              "client_id": "539997889673-3j2e79n1q2dn7ur7fddcb7op8fb46l9t.apps.googleusercontent.com",
              "client_type": 3
            }
          ]
        }
      }
    }
  ],
  "configuration_version": "1"
}